chain,collection_name,collection_slug,contract_address,created_at,created_date,deploy_block_number,deploy_transaction_hash,description,discord_url,instagram_username,logo,medium_username,owner,protocol_slug,standard,symbol,telegram_url,total_supply,twitter_username,updated_at,website_url
Celo,CeloPunks,celopunks,0xB7F88C6e7d9EfC7FD9b587684DfC8B4C4422855E,,2021-10-04,9160038,0xf8a02150411d10411d9a9465ede9c2be741700d8be9b49a9ccfa7f4005310f5e,,,,,,0xeAd19FB8C81f9a50E41a9F892f9DF8D0Bf39e901,,ERC-721,CPUNKS,,9998,,,
Celo,CeloApes,celoapes,0x1eCD77075F7504bA849d47DCe4cdC9695f1FE942,,2021-11-03,9669810,0x781504349bb6033e1013014851734b0d6fd931bc18bbbea243cb34c43c7da515,,,,,,0x5C67e1d32D7911Ff064168F809BFFabbb55A4993,,ERC-721,CAK,,10000,,,
Celo,CeloToadzNFT,celotoadznft,0x6Fc1C8d59FdC261c55273f9b8e64B7E88C45E208,,2021-11-05,9708638,0x2b67be4c24a2e0689a48f4194781af8acfc161b21cf5620645b83941b759db38,,,,,,0xfBC2B856C4485419bA7c9621c3CDD8cF84Ca0684,,ERC-721,CTOADZ,,6969,,,
Celo,CeloShapes,celoshapes,0x501F7Ea7B1aA25fF7D2feB3a2e96979ba754204B,,2021-11-23,10023037,0xf71b83295ec96385f53b93c1478040cbf6efa761d5cde951ab44d8a0abfaa2c2,,,,,,0x9A7ab9a4e3d543BC5A45c8D2f1965e6dFCCB5892,,ERC-721,CSHAPE,,4444,,,
Celo,MooPunks,moopunks,0x517bCe2DdBc21b9A8771Dfd3Db40404BDEF1272D,,2021-12-07,10265588,0x12c670e08bd4c829365abd9551de161d01c298240c7c02bbe1921da89b9beadd,,,,,,0x13b3287C8d163ea2cE04d6A2DF3598c72BE301ba,,ERC-721,MPUNK,,1499,,,
Celo,CeloPunks Christmas Edition,christmaspunk,0x0C69fAb99e51b6C2e4a1cAE49B123bbbe94a56cD,,2021-12-24,10555480,0x6c617d1029471dd896504ff61743c8cb1c43f04fa564033c8489de95f578b633,,,,,,0x29a6520A99656e5b17A34471D5d458eFD3696695,,ERC-721,CHRISTMASPUNK,,1000,,,
Celo,Daopolis,daopolis,0xc4ea80deCA2415105746639eC16cB0cF8378996A,,2021-12-30,10661415,0x511fb8fee173ecb134198353b9d0d1adb894e088a89aba0f69f7d462148ba120,,,,,,0x0000000000000000000000000000000000000000,,ERC-721,DAOS,,9192,,,
Celo,WomxnOfCelo,womxnofcelo,0x50826Faa5b20250250E09067e8dDb1AFa2bdf910,,2022-01-06,10775201,0x2cbc4cc34579b31751085512e63f556452bf43e5701dfe99a8d6260eabdb66ad,,,,,,0x74238f6b3AD75954791630aB69ed6c0e6d7AA421,,ERC-721,WMXN,,768,,,
Celo,Nomstronaut,nomstronaut,0x8237f38694211F25b4c872F147F027044466Fa80,,2022-01-13,10896025,0xdfc026a089de38f634e36de09f24df8eb15830fcb6687b75260dac6fd1e8e861,,,,,,0xf60D112c55aeF2a97fc434C84a5e3d9e91af75F6,,ERC-721,Nomstronaut,,6000,,,
Celo,CeloPaints,celopaints,0x660C6442F01c75fE1e389A607A4a7662342f2FD2,,2022-01-17,10971716,0x5f541e85456781826766a5af19ccecd50590e74a3ccab2abe2e867704c3e8714,,,,,,0x9A7ab9a4e3d543BC5A45c8D2f1965e6dFCCB5892,,ERC-721,CPAINT,,444,,,
Celo,Celostrials,celostrials,0xAc80c3c8b122DB4DcC3C351ca93aC7E0927C605d,,2022-02-13,11440807,0xa1cb590c83884e3139209cbca0175dcba0a6cd16b01b844f975123d4b57740ae,,,,,,0x5aC1cF26edF0c87a7122e02213baf073E167FBfD,,ERC-721,NFET,,6251,,,
Celo,ChinChilla_Gang_Airdrop,chinchilla_gang_airdrop,0xb69948766ADeF1e85291c322114c3d98eEbA8695,,2022-02-01,11233667,0xa8e3b7f9f32b367dd2bd502b49dfc275d74ccf929e7dfcea3aa3217234138be7,,,,,,0x87f69D5D6782968F795a3CeC74758aaEbFB95074,,ERC-721,GANGAIRDROP,,6791,,,
Celo,ChinChillaGang,chinchillagang,0xc8DF51073CD581902b4fb50131d31f29343131F0,,2022-02-18,11528102,0xa172dbfa9d40ccb9a5baf93cfc0a0cd7e63e0b9aa8d6baef7614ba0244009932,,,,,,0x755C62b66D64491Ed52288a84848d1eFD3cf6C31,,ERC-721,GANG,,4257,,,
Celo,SToadzNFT,stoadznft,0xA83a8C2f6a762F8BE760A0f45540E3864750dE0F,,2022-02-19,11537516,0x251c45aa8ec2403f5b4f1f88d0b0f4872c12e7e727dfe0fedcf51873b1a5f238,,,,,,0xfBC2B856C4485419bA7c9621c3CDD8cF84Ca0684,,ERC-721,STOADZ,,69,,,
Celo,KnoxerNFT,knoxernft,0x1F25F8Df9E33033668d6F04DAE0bDE4854E9F1A5,,2022-02-28,11692758,0xd59a523083e0bc9237b0d44366bc9f2263e737a49df2c30637d0cebc5ce9de78,,,,,,0x10AB90c4C1103Efe70Ad313BFE4c33528150E8c8,,ERC-721,KNX_NFT,,888,,,
Celo,CeloMonkeyBusiness,celomonkeybusiness,0xe2BbaE9A94513736f8F4Aed5D399bd6B1e0Bfb48,,2022-03-08,11838874,0xcb92ab53c6f1692c06773a7dc7fff3fb0f077ae7957e558a410a5e572c8a876a,,,,,,0x17158aeA07349D967920Bc2cFc90bD1008fE01fC,,ERC-721,CeloMBS,,52,,,
Celo,CeloKatzWarriors,celokatzwarriors,0xa4BC4EfBA9D81962325B02eFE91772c7B4aaB31D,,2022-03-20,12035605,0x55fecd73deadaaa9d8a1f0077f0fd5d9c0606f2b5099e456b1c03be7ddb46695,,,,,,0xA6C8B060681651ED28C6bE7683458d42e4438484,,ERC-721,CKW,,1058,,,
Celo,NaviKatzWarriors,navikatzwarriors,0xfA83588c92a353fba568D7C25A32E599FEa35763,,2022-03-20,12042704,0x9f989d54ccb8235d0a6ec0bb4cf65da026b397f1d10b2fbf6e97adb28700ee42,,,,,,0xA6C8B060681651ED28C6bE7683458d42e4438484,,ERC-721,NKW,,1151,,,
Celo,CeloPunksCeloConnect,celopunksceloconnect,0xc017019e7B1566900553987ac1D9b25D126dA16C,,2022-03-31,12228671,0x23aec316ec96a66cc00620c679755b68920e15225db5210927670a67dffc3dd9,,,,,,0x29a6520A99656e5b17A34471D5d458eFD3696695,,ERC-721,CCONNECTPUNKS,,500,,,
Celo,CeloErectus,celoerectus,0x56546DAF99C69c0F6271FA287b30A1946cA466f0,,2022-04-25,12668368,0x4fe7424bd7fcec5dfdb0fa8283ed13e1d28fdb012ec5f2fb4ec4cf230f4fa8d3,,,,,,0xde42338B3Fd6Ca18E699aF348C86D12F523cB19a,,ERC-721,CER,,435,,,
Celo,CeloWhales,celowhales,0x6eBc8879Ee57334B14a9B1e3A2fDe55E172193C6,,2022-08-02,14352095,0xef5279a60fa9e651a09511ec4ea3cf40b86ed62e33690fdfb8b5005c23c94b5d,,,,,,0x29a6520A99656e5b17A34471D5d458eFD3696695,,ERC-721,CWHALE,,11,,,
Celo,Shiki,shiki,0x91d0e3A2BCCf036bcf61536D2BDFD47D79946aAE,,2022-08-16,14593237,0x7ef4342345b3bd20e3d3ef2f5a4ebb385adc33ba198ebcc63316ccd3cbf0aa91,,,,,,0x10AB90c4C1103Efe70Ad313BFE4c33528150E8c8,,ERC-721,SHIKI,,300,,,
